{"$type":"List`1","$values":[{"$id":"1","$type":"ProjectOptionEntry","key":"NetworkCollapsed","context":"{2232342-8270}","value":false},{"$id":"2","$type":"ProjectOptionEntry","key":"NetworkCollapsed","context":"{2232342-8271}","value":false},{"$id":"3","$type":"ProjectOptionEntry","key":"NetworkCollapsed","context":"{2232342-8272}","value":false},{"$id":"4","$type":"ProjectOptionEntry","key":"NetworkCollapsed","context":"{2232342-8273}","value":false},{"$id":"5","$type":"ProjectOptionEntry","key":"NetworkCollapsed","context":"{2232342-8274}","value":false},{"$id":"6","$type":"ProjectOptionEntry","key":"RestoreNetworkStates","context":"{2232321-8248}","value":true},{"$id":"7","$type":"ProjectOptionEntry","key":"NetworkCollapsed","context":"{2232342-8367}","value":false},{"$id":"8","$type":"ProjectOptionEntry","key":"NetworkCollapsed","context":"{2232342-8368}","value":false},{"$id":"9","$type":"ProjectOptionEntry","key":"RestoreNetworkStates","context":"{2232321-8363}","value":true},{"$id":"10","$type":"ProjectOptionEntry","key":"NetworkCollapsed","context":"{2232342-8525}","value":false},{"$id":"11","$type":"ProjectOptionEntry","key":"NetworkCollapsed","context":"{2232342-8526}","value":false},{"$id":"12","$type":"ProjectOptionEntry","key":"RestoreNetworkStates","context":"{2232321-8521}","value":true},{"$id":"13","$type":"ProjectOptionEntry","key":"NetworkCollapsed","context":"{2232342-8446}","value":false},{"$id":"14","$type":"ProjectOptionEntry","key":"NetworkCollapsed","context":"{2232342-8447}","value":false},{"$id":"15","$type":"ProjectOptionEntry","key":"RestoreNetworkStates","context":"{2232321-8442}","value":true},{"$id":"16","$type":"ProjectOptionEntry","key":"NetworkCollapsed","context":"{2232342-8604}","value":false},{"$id":"17","$type":"ProjectOptionEntry","key":"NetworkCollapsed","context":"{2232342-8606}","value":false},{"$id":"18","$type":"ProjectOptionEntry","key":"RestoreNetworkStates","context":"{2232321-8600}","value":true},{"$id":"19","$type":"ProjectOptionEntry","key":"LastSelection@Siemens.Simatic.PlcLanguages.PLFrame.BasicLanguageEditor","context":"{2232321-8248}","value":{"$id":"20","$type":"SessionState","NetworkStates":{"$id":"21","$type":"Dictionary`2","1":5},"FocusedComponent":4,"ComponentUndoState":{"$id":"22","$type":"FLGViewSessionState","SelectedElements":{"$type":"String[]","$values":["<?xml version=\"1.0\" encoding=\"utf-16\"?><Connector UId=\"-1\" FormalName=\"IN\" OwnerUId=\"26\" ParaNum=\"-1\" />"]},"RelevantSettings":null}}},{"$id":"23","$type":"ProjectOptionEntry","key":"LastSelection@Siemens.Simatic.PlcLanguages.PLFrame.BasicLanguageEditor","context":"{2232321-8363}","value":{"$id":"24","$type":"SessionState","NetworkStates":{"$id":"25","$type":"Dictionary`2","1":5},"FocusedComponent":4,"ComponentUndoState":{"$id":"26","$type":"FLGViewSessionState","SelectedElements":{"$type":"String[]","$values":["<?xml version=\"1.0\" encoding=\"utf-16\"?><Connector UId=\"-1\" FormalName=\"EN\" OwnerUId=\"113\" ParaNum=\"-1\" />"]},"RelevantSettings":null}}},{"$id":"27","$type":"ProjectOptionEntry","key":"LastSelection@Siemens.Simatic.PlcLanguages.PLFrame.BasicLanguageEditor","context":"{2232321-8521}","value":{"$id":"28","$type":"SessionState","NetworkStates":{"$id":"29","$type":"Dictionary`2","1":5},"FocusedComponent":4,"ComponentUndoState":{"$id":"30","$type":"FLGViewSessionState","SelectedElements":{"$type":"String[]","$values":["<?xml version=\"1.0\" encoding=\"utf-16\"?><Connector UId=\"-1\" FormalName=\"EN\" OwnerUId=\"113\" ParaNum=\"-1\" />"]},"RelevantSettings":null}}},{"$id":"31","$type":"ProjectOptionEntry","key":"LastSelection@Siemens.Simatic.PlcLanguages.PLFrame.BasicLanguageEditor","context":"{2232321-8442}","value":{"$id":"32","$type":"SessionState","NetworkStates":{"$id":"33","$type":"Dictionary`2","1":5},"FocusedComponent":4,"ComponentUndoState":{"$id":"34","$type":"FLGViewSessionState","SelectedElements":{"$type":"String[]","$values":["<?xml version=\"1.0\" encoding=\"utf-16\"?><Connector UId=\"-1\" FormalName=\"EN\" OwnerUId=\"113\" ParaNum=\"-1\" />"]},"RelevantSettings":null}}},{"$id":"35","$type":"ProjectOptionEntry","key":"LastSelection@Siemens.Simatic.PlcLanguages.PLFrame.BasicLanguageEditor","context":"{2232321-8600}","value":{"$id":"36","$type":"SessionState","NetworkStates":{"$id":"37","$type":"Dictionary`2","1":5},"FocusedComponent":4,"ComponentUndoState":{"$id":"38","$type":"FLGViewSessionState","SelectedElements":{"$type":"String[]","$values":["<?xml version=\"1.0\" encoding=\"utf-16\"?><Connector UId=\"-1\" FormalName=\"IN\" OwnerUId=\"23\" ParaNum=\"-1\" />"]},"RelevantSettings":null}}}]}