{"$type":"List`1","$values":[{"$id":"1","$type":"ProjectOptionEntry","key":"NetworkCollapsed","context":"{2232342-2359}","value":false},{"$id":"2","$type":"ProjectOptionEntry","key":"RestoreNetworkStates","context":"{2232321-2348}","value":true},{"$id":"3","$type":"ProjectOptionEntry","key":"NetworkCollapsed","context":"{2232342-3409}","value":false},{"$id":"4","$type":"ProjectOptionEntry","key":"LastSelection@Siemens.Simatic.PlcLanguages.PLFrame.BasicLanguageEditor","context":"{2232321-2348}","value":{"$id":"5","$type":"SessionState","NetworkStates":{"$id":"6","$type":"Dictionary`2","1":5},"FocusedComponent":4,"ComponentUndoState":{"$id":"7","$type":"FLGViewSessionState","SelectedElements":{"$type":"String[]","$values":["<?xml version=\"1.0\" encoding=\"utf-16\"?><Operand UId=\"28\" RefId=\"6\" OwnerUId=\"23\" ParaNum=\"1\" Formalname=\"\" />"]},"RelevantSettings":null}}},{"$id":"8","$type":"ProjectOptionEntry","key":"NetworkCollapsed","context":"{2232342-8270}","value":false},{"$id":"9","$type":"ProjectOptionEntry","key":"NetworkCollapsed","context":"{2232342-8271}","value":false},{"$id":"10","$type":"ProjectOptionEntry","key":"NetworkCollapsed","context":"{2232342-8272}","value":false},{"$id":"11","$type":"ProjectOptionEntry","key":"NetworkCollapsed","context":"{2232342-8273}","value":false},{"$id":"12","$type":"ProjectOptionEntry","key":"NetworkCollapsed","context":"{2232342-8274}","value":false},{"$id":"13","$type":"ProjectOptionEntry","key":"RestoreNetworkStates","context":"{2232321-8248}","value":true},{"$id":"14","$type":"ProjectOptionEntry","key":"NetworkCollapsed","context":"{2232342-8710}","value":false},{"$id":"15","$type":"ProjectOptionEntry","key":"NetworkCollapsed","context":"{2232342-8711}","value":false},{"$id":"16","$type":"ProjectOptionEntry","key":"NetworkCollapsed","context":"{2232342-8712}","value":false},{"$id":"17","$type":"ProjectOptionEntry","key":"NetworkCollapsed","context":"{2232342-8713}","value":false},{"$id":"18","$type":"ProjectOptionEntry","key":"NetworkCollapsed","context":"{2232342-8714}","value":false},{"$id":"19","$type":"ProjectOptionEntry","key":"RestoreNetworkStates","context":"{2232321-8255}","value":true},{"$id":"20","$type":"ProjectOptionEntry","key":"NetworkCollapsed","context":"{2232342-8286}","value":false},{"$id":"21","$type":"ProjectOptionEntry","key":"NetworkCollapsed","context":"{2232342-8287}","value":false},{"$id":"22","$type":"ProjectOptionEntry","key":"NetworkCollapsed","context":"{2232342-8288}","value":false},{"$id":"23","$type":"ProjectOptionEntry","key":"NetworkCollapsed","context":"{2232342-8289}","value":false},{"$id":"24","$type":"ProjectOptionEntry","key":"NetworkCollapsed","context":"{2232342-8290}","value":false},{"$id":"25","$type":"ProjectOptionEntry","key":"RestoreNetworkStates","context":"{2232321-8282}","value":true},{"$id":"26","$type":"ProjectOptionEntry","key":"NetworkCollapsed","context":"{2232342-8303}","value":false},{"$id":"27","$type":"ProjectOptionEntry","key":"RestoreNetworkStates","context":"{2232321-8299}","value":true},{"$id":"28","$type":"ProjectOptionEntry","key":"LastSelection@Siemens.Simatic.PlcLanguages.PLFrame.BasicLanguageEditor","context":"{2232321-8299}","value":{"$id":"29","$type":"SessionState","NetworkStates":{"$id":"30","$type":"Dictionary`2","1":5},"FocusedComponent":4,"ComponentUndoState":{"$id":"31","$type":"FLGViewSessionState","SelectedElements":{"$type":"String[]","$values":["<?xml version=\"1.0\" encoding=\"utf-16\"?><Connector UId=\"-2\" FormalName=\"OUT1\" OwnerUId=\"21\" ParaNum=\"-1\" />"]},"RelevantSettings":null}}},{"$id":"32","$type":"ProjectOptionEntry","key":"NetworkCollapsed","context":"{2232342-8323}","value":false},{"$id":"33","$type":"ProjectOptionEntry","key":"NetworkCollapsed","context":"{2232342-8324}","value":false},{"$id":"34","$type":"ProjectOptionEntry","key":"RestoreNetworkStates","context":"{2232321-8319}","value":true},{"$id":"35","$type":"ProjectOptionEntry","key":"LastSelection@Siemens.Simatic.PlcLanguages.PLFrame.BasicLanguageEditor","context":"{2232321-8319}","value":{"$id":"36","$type":"SessionState","NetworkStates":{"$id":"37","$type":"Dictionary`2","1":5},"FocusedComponent":4,"ComponentUndoState":{"$id":"38","$type":"FLGViewSessionState","SelectedElements":{"$type":"String[]","$values":["<?xml version=\"1.0\" encoding=\"utf-16\"?><Connector UId=\"-1\" FormalName=\"EN\" OwnerUId=\"23\" ParaNum=\"-1\" />"]},"RelevantSettings":null}}},{"$id":"39","$type":"ProjectOptionEntry","key":"NetworkCollapsed","context":"{2232342-8367}","value":false},{"$id":"40","$type":"ProjectOptionEntry","key":"NetworkCollapsed","context":"{2232342-8368}","value":false},{"$id":"41","$type":"ProjectOptionEntry","key":"RestoreNetworkStates","context":"{2232321-8363}","value":true},{"$id":"42","$type":"ProjectOptionEntry","key":"LastSelection@Siemens.Simatic.PlcLanguages.PLFrame.BasicLanguageEditor","context":"{2232321-8282}","value":{"$id":"43","$type":"SessionState","NetworkStates":{"$id":"44","$type":"Dictionary`2","3":5},"FocusedComponent":4,"ComponentUndoState":{"$id":"45","$type":"FLGViewSessionState","SelectedElements":{"$type":"String[]","$values":["<?xml version=\"1.0\" encoding=\"utf-16\"?><Connector UId=\"-1\" FormalName=\"EN\" OwnerUId=\"23\" ParaNum=\"-1\" />"]},"RelevantSettings":null}}},{"$id":"46","$type":"ProjectOptionEntry","key":"NetworkCollapsed","context":"{2232342-8385}","value":false},{"$id":"47","$type":"ProjectOptionEntry","key":"NetworkCollapsed","context":"{2232342-8386}","value":false},{"$id":"48","$type":"ProjectOptionEntry","key":"NetworkCollapsed","context":"{2232342-8387}","value":false},{"$id":"49","$type":"ProjectOptionEntry","key":"NetworkCollapsed","context":"{2232342-8388}","value":false},{"$id":"50","$type":"ProjectOptionEntry","key":"NetworkCollapsed","context":"{2232342-8389}","value":false},{"$id":"51","$type":"ProjectOptionEntry","key":"RestoreNetworkStates","context":"{2232321-8381}","value":true},{"$id":"52","$type":"ProjectOptionEntry","key":"NetworkCollapsed","context":"{2232342-8401}","value":false},{"$id":"53","$type":"ProjectOptionEntry","key":"NetworkCollapsed","context":"{2232342-8402}","value":false},{"$id":"54","$type":"ProjectOptionEntry","key":"RestoreNetworkStates","context":"{2232321-8397}","value":true},{"$id":"55","$type":"ProjectOptionEntry","key":"NetworkCollapsed","context":"{2232342-8604}","value":false},{"$id":"56","$type":"ProjectOptionEntry","key":"NetworkCollapsed","context":"{2232342-8605}","value":false},{"$id":"57","$type":"ProjectOptionEntry","key":"NetworkCollapsed","context":"{2232342-8606}","value":false},{"$id":"58","$type":"ProjectOptionEntry","key":"RestoreNetworkStates","context":"{2232321-8600}","value":true},{"$id":"59","$type":"ProjectOptionEntry","key":"NetworkCollapsed","context":"{2232342-8670}","value":false},{"$id":"60","$type":"ProjectOptionEntry","key":"NetworkCollapsed","context":"{2232342-8673}","value":false},{"$id":"61","$type":"ProjectOptionEntry","key":"NetworkCollapsed","context":"{2232342-8676}","value":false},{"$id":"62","$type":"ProjectOptionEntry","key":"NetworkCollapsed","context":"{2232342-8679}","value":false},{"$id":"63","$type":"ProjectOptionEntry","key":"NetworkCollapsed","context":"{2232342-8682}","value":false},{"$id":"64","$type":"ProjectOptionEntry","key":"RestoreNetworkStates","context":"{2232321-8666}","value":true},{"$id":"65","$type":"ProjectOptionEntry","key":"NetworkCollapsed","context":"{2232342-8648}","value":false},{"$id":"66","$type":"ProjectOptionEntry","key":"NetworkCollapsed","context":"{2232342-8649}","value":false},{"$id":"67","$type":"ProjectOptionEntry","key":"NetworkCollapsed","context":"{2232342-8650}","value":false},{"$id":"68","$type":"ProjectOptionEntry","key":"NetworkCollapsed","context":"{2232342-8651}","value":false},{"$id":"69","$type":"ProjectOptionEntry","key":"NetworkCollapsed","context":"{2232342-8652}","value":false},{"$id":"70","$type":"ProjectOptionEntry","key":"RestoreNetworkStates","context":"{2232321-8644}","value":true},{"$id":"71","$type":"ProjectOptionEntry","key":"NetworkCollapsed","context":"{2232342-8639}","value":false},{"$id":"72","$type":"ProjectOptionEntry","key":"NetworkCollapsed","context":"{2232342-8640}","value":false},{"$id":"73","$type":"ProjectOptionEntry","key":"NetworkCollapsed","context":"{2232342-8641}","value":false},{"$id":"74","$type":"ProjectOptionEntry","key":"RestoreNetworkStates","context":"{2232321-8635}","value":true},{"$id":"75","$type":"ProjectOptionEntry","key":"NetworkCollapsed","context":"{2232342-8613}","value":false},{"$id":"76","$type":"ProjectOptionEntry","key":"NetworkCollapsed","context":"{2232342-8614}","value":false},{"$id":"77","$type":"ProjectOptionEntry","key":"NetworkCollapsed","context":"{2232342-8615}","value":false},{"$id":"78","$type":"ProjectOptionEntry","key":"NetworkCollapsed","context":"{2232342-8616}","value":false},{"$id":"79","$type":"ProjectOptionEntry","key":"NetworkCollapsed","context":"{2232342-8617}","value":false},{"$id":"80","$type":"ProjectOptionEntry","key":"RestoreNetworkStates","context":"{2232321-8609}","value":true},{"$id":"81","$type":"ProjectOptionEntry","key":"NetworkCollapsed","context":"{2232342-8722}","value":false},{"$id":"82","$type":"ProjectOptionEntry","key":"NetworkCollapsed","context":"{2232342-8723}","value":false},{"$id":"83","$type":"ProjectOptionEntry","key":"NetworkCollapsed","context":"{2232342-8724}","value":false},{"$id":"84","$type":"ProjectOptionEntry","key":"NetworkCollapsed","context":"{2232342-8725}","value":false},{"$id":"85","$type":"ProjectOptionEntry","key":"NetworkCollapsed","context":"{2232342-8726}","value":false},{"$id":"86","$type":"ProjectOptionEntry","key":"RestoreNetworkStates","context":"{2232321-8256}","value":true},{"$id":"87","$type":"ProjectOptionEntry","key":"NetworkCollapsed","context":"{2232342-8783}","value":false},{"$id":"88","$type":"ProjectOptionEntry","key":"NetworkCollapsed","context":"{2232342-8784}","value":false},{"$id":"89","$type":"ProjectOptionEntry","key":"NetworkCollapsed","context":"{2232342-8785}","value":false},{"$id":"90","$type":"ProjectOptionEntry","key":"RestoreNetworkStates","context":"{2232321-8264}","value":true},{"$id":"91","$type":"ProjectOptionEntry","key":"NetworkCollapsed","context":"{2232342-8334}","value":false},{"$id":"92","$type":"ProjectOptionEntry","key":"NetworkCollapsed","context":"{2232342-8335}","value":false},{"$id":"93","$type":"ProjectOptionEntry","key":"RestoreNetworkStates","context":"{2232321-8330}","value":true},{"$id":"94","$type":"ProjectOptionEntry","key":"NetworkCollapsed","context":"{2232342-8309}","value":false},{"$id":"95","$type":"ProjectOptionEntry","key":"NetworkCollapsed","context":"{2232342-8310}","value":false},{"$id":"96","$type":"ProjectOptionEntry","key":"RestoreNetworkStates","context":"{2232321-8305}","value":true},{"$id":"97","$type":"ProjectOptionEntry","key":"NetworkCollapsed","context":"{2232342-8412}","value":false},{"$id":"98","$type":"ProjectOptionEntry","key":"NetworkCollapsed","context":"{2232342-8413}","value":false},{"$id":"99","$type":"ProjectOptionEntry","key":"RestoreNetworkStates","context":"{2232321-8408}","value":true},{"$id":"100","$type":"ProjectOptionEntry","key":"NetworkCollapsed","context":"{2232342-8432}","value":false},{"$id":"101","$type":"ProjectOptionEntry","key":"NetworkCollapsed","context":"{2232342-8433}","value":false},{"$id":"102","$type":"ProjectOptionEntry","key":"RestoreNetworkStates","context":"{2232321-8428}","value":true},{"$id":"103","$type":"ProjectOptionEntry","key":"NetworkCollapsed","context":"{2232342-10071}","value":false},{"$id":"104","$type":"ProjectOptionEntry","key":"NetworkCollapsed","context":"{2232342-10075}","value":false},{"$id":"105","$type":"ProjectOptionEntry","key":"NetworkCollapsed","context":"{2232342-10076}","value":false},{"$id":"106","$type":"ProjectOptionEntry","key":"NetworkCollapsed","context":"{2232342-10077}","value":false},{"$id":"107","$type":"ProjectOptionEntry","key":"NetworkCollapsed","context":"{2232342-8565}","value":false},{"$id":"108","$type":"ProjectOptionEntry","key":"NetworkCollapsed","context":"{2232342-8566}","value":false},{"$id":"109","$type":"ProjectOptionEntry","key":"NetworkCollapsed","context":"{2232342-8567}","value":false},{"$id":"110","$type":"ProjectOptionEntry","key":"NetworkCollapsed","context":"{2232342-8568}","value":false},{"$id":"111","$type":"ProjectOptionEntry","key":"NetworkCollapsed","context":"{2232342-8569}","value":false},{"$id":"112","$type":"ProjectOptionEntry","key":"RestoreNetworkStates","context":"{2232321-8561}","value":true},{"$id":"113","$type":"ProjectOptionEntry","key":"NetworkCollapsed","context":"{2232342-10078}","value":false},{"$id":"114","$type":"ProjectOptionEntry","key":"NetworkCollapsed","context":"{2232342-10079}","value":false},{"$id":"115","$type":"ProjectOptionEntry","key":"NetworkCollapsed","context":"{2232342-10080}","value":false},{"$id":"116","$type":"ProjectOptionEntry","key":"NetworkCollapsed","context":"{2232342-10081}","value":false},{"$id":"117","$type":"ProjectOptionEntry","key":"NetworkCollapsed","context":"{2232342-8525}","value":false},{"$id":"118","$type":"ProjectOptionEntry","key":"NetworkCollapsed","context":"{2232342-8526}","value":false},{"$id":"119","$type":"ProjectOptionEntry","key":"RestoreNetworkStates","context":"{2232321-8521}","value":true},{"$id":"120","$type":"ProjectOptionEntry","key":"NetworkCollapsed","context":"{2232342-8486}","value":false},{"$id":"121","$type":"ProjectOptionEntry","key":"NetworkCollapsed","context":"{2232342-8487}","value":false},{"$id":"122","$type":"ProjectOptionEntry","key":"NetworkCollapsed","context":"{2232342-8488}","value":false},{"$id":"123","$type":"ProjectOptionEntry","key":"NetworkCollapsed","context":"{2232342-8489}","value":false},{"$id":"124","$type":"ProjectOptionEntry","key":"NetworkCollapsed","context":"{2232342-8490}","value":false},{"$id":"125","$type":"ProjectOptionEntry","key":"RestoreNetworkStates","context":"{2232321-8482}","value":true},{"$id":"126","$type":"ProjectOptionEntry","key":"NetworkCollapsed","context":"{2232342-10082}","value":false},{"$id":"127","$type":"ProjectOptionEntry","key":"NetworkCollapsed","context":"{2232342-10083}","value":false},{"$id":"128","$type":"ProjectOptionEntry","key":"NetworkCollapsed","context":"{2232342-10084}","value":false},{"$id":"129","$type":"ProjectOptionEntry","key":"NetworkCollapsed","context":"{2232342-10085}","value":false},{"$id":"130","$type":"ProjectOptionEntry","key":"LastSelection@Siemens.Simatic.PlcLanguages.PLFrame.BasicLanguageEditor","context":"{2232321-8460}","value":{"$id":"131","$type":"SessionState","NetworkStates":{"$id":"132","$type":"Dictionary`2","1":5},"FocusedComponent":4,"ComponentUndoState":{"$id":"133","$type":"FLGViewSessionState","SelectedElements":{"$type":"String[]","$values":["<?xml version=\"1.0\" encoding=\"utf-16\"?><Connector UId=\"-1\" FormalName=\"EN\" OwnerUId=\"23\" ParaNum=\"-1\" />"]},"RelevantSettings":null}}},{"$id":"134","$type":"ProjectOptionEntry","key":"LastSelection@Siemens.Simatic.PlcLanguages.PLFrame.BasicLanguageEditor","context":"{2232321-8521}","value":{"$id":"135","$type":"SessionState","NetworkStates":{"$id":"136","$type":"Dictionary`2","1":5},"FocusedComponent":4,"ComponentUndoState":{"$id":"137","$type":"FLGViewSessionState","SelectedElements":{"$type":"String[]","$values":["<?xml version=\"1.0\" encoding=\"utf-16\"?><Connector UId=\"-1\" FormalName=\"EN\" OwnerUId=\"113\" ParaNum=\"-1\" />"]},"RelevantSettings":null}}},{"$id":"138","$type":"ProjectOptionEntry","key":"LastSelection@Siemens.Simatic.PlcLanguages.PLFrame.BasicLanguageEditor","context":"{2232321-8397}","value":{"$id":"139","$type":"SessionState","NetworkStates":{"$id":"140","$type":"Dictionary`2","1":5},"FocusedComponent":4,"ComponentUndoState":{"$id":"141","$type":"FLGViewSessionState","SelectedElements":{"$type":"String[]","$values":["<?xml version=\"1.0\" encoding=\"utf-16\"?><ConnectionElement UId=\"23\" Label=\"false\" />"]},"RelevantSettings":null}}},{"$id":"142","$type":"ProjectOptionEntry","key":"LastSelection@Siemens.Simatic.PlcLanguages.PLFrame.BasicLanguageEditor","context":"{2232321-8408}","value":{"$id":"143","$type":"SessionState","NetworkStates":{"$id":"144","$type":"Dictionary`2","1":5},"FocusedComponent":4,"ComponentUndoState":{"$id":"145","$type":"FLGViewSessionState","SelectedElements":{"$type":"String[]","$values":["<?xml version=\"1.0\" encoding=\"utf-16\"?><Connector UId=\"-1\" FormalName=\"EN\" OwnerUId=\"22\" ParaNum=\"-1\" />"]},"RelevantSettings":null}}},{"$id":"146","$type":"ProjectOptionEntry","key":"LastSelection@Siemens.Simatic.PlcLanguages.PLFrame.BasicLanguageEditor","context":"{2232321-8305}","value":{"$id":"147","$type":"SessionState","NetworkStates":{"$id":"148","$type":"Dictionary`2","1":5},"FocusedComponent":4,"ComponentUndoState":{"$id":"149","$type":"FLGViewSessionState","SelectedElements":{"$type":"String[]","$values":["<?xml version=\"1.0\" encoding=\"utf-16\"?><Operand UId=\"80\" RefId=\"9\" OwnerUId=\"79\" ParaNum=\"-1\" Formalname=\"operand\" />"]},"RelevantSettings":null}}},{"$id":"150","$type":"ProjectOptionEntry","key":"LastSelection@Siemens.Simatic.PlcLanguages.PLFrame.BasicLanguageEditor","context":"{2232321-8330}","value":{"$id":"151","$type":"SessionState","NetworkStates":{"$id":"152","$type":"Dictionary`2","1":5},"FocusedComponent":4,"ComponentUndoState":{"$id":"153","$type":"FLGViewSessionState","SelectedElements":{"$type":"String[]","$values":["<?xml version=\"1.0\" encoding=\"utf-16\"?><Connector UId=\"-13\" FormalName=\"OUT1\" OwnerUId=\"21\" ParaNum=\"-1\" />"]},"RelevantSettings":null}}},{"$id":"154","$type":"ProjectOptionEntry","key":"LastSelection@Siemens.Simatic.PlcLanguages.PLFrame.BasicLanguageEditor","context":"{2232321-8256}","value":{"$id":"155","$type":"SessionState","NetworkStates":{"$id":"156","$type":"Dictionary`2","1":5},"FocusedComponent":4,"ComponentUndoState":{"$id":"157","$type":"FLGViewSessionState","SelectedElements":{"$type":"String[]","$values":["<?xml version=\"1.0\" encoding=\"utf-16\"?><Connector UId=\"-1\" FormalName=\"EN\" OwnerUId=\"23\" ParaNum=\"-1\" />"]},"RelevantSettings":null}}},{"$id":"158","$type":"ProjectOptionEntry","key":"LastSelection@Siemens.Simatic.PlcLanguages.PLFrame.BasicLanguageEditor","context":"{2232321-8635}","value":{"$id":"159","$type":"SessionState","NetworkStates":{"$id":"160","$type":"Dictionary`2","2":5},"FocusedComponent":1,"ComponentUndoState":null}},{"$id":"161","$type":"ProjectOptionEntry","key":"LastSelection@Siemens.Simatic.PlcLanguages.PLFrame.BasicLanguageEditor","context":"{2232321-8666}","value":{"$id":"162","$type":"SessionState","NetworkStates":{"$id":"163","$type":"Dictionary`2","5":5},"FocusedComponent":1,"ComponentUndoState":null}},{"$id":"164","$type":"ProjectOptionEntry","key":"LastSelection@Siemens.Simatic.PlcLanguages.PLFrame.BasicLanguageEditor","context":"{2232321-8600}","value":{"$id":"165","$type":"SessionState","NetworkStates":{"$id":"166","$type":"Dictionary`2","2":5},"FocusedComponent":1,"ComponentUndoState":null}},{"$id":"167","$type":"ProjectOptionEntry","key":"NetworkCollapsed","context":"{2232342-8464}","value":false},{"$id":"168","$type":"ProjectOptionEntry","key":"NetworkCollapsed","context":"{2232342-8465}","value":false},{"$id":"169","$type":"ProjectOptionEntry","key":"RestoreNetworkStates","context":"{2232321-8460}","value":true},{"$id":"170","$type":"ProjectOptionEntry","key":"NetworkCollapsed","context":"{2232342-8446}","value":false},{"$id":"171","$type":"ProjectOptionEntry","key":"NetworkCollapsed","context":"{2232342-8447}","value":false},{"$id":"172","$type":"ProjectOptionEntry","key":"RestoreNetworkStates","context":"{2232321-8442}","value":true},{"$id":"173","$type":"ProjectOptionEntry","key":"LastSelection@Siemens.Simatic.PlcLanguages.PLFrame.BasicLanguageEditor","context":"{2232321-8255}","value":{"$id":"174","$type":"SessionState","NetworkStates":{"$id":"175","$type":"Dictionary`2","1":5},"FocusedComponent":4,"ComponentUndoState":{"$id":"176","$type":"FLGViewSessionState","SelectedElements":{"$type":"String[]","$values":["<?xml version=\"1.0\" encoding=\"utf-16\"?><Connector UId=\"-1\" FormalName=\"IN\" OwnerUId=\"23\" ParaNum=\"-1\" />"]},"RelevantSettings":null}}},{"$id":"177","$type":"ProjectOptionEntry","key":"NetworkCollapsed","context":"{2232342-8275}","value":false},{"$id":"178","$type":"ProjectOptionEntry","key":"LastSelection@Siemens.Simatic.PlcLanguages.PLFrame.BasicLanguageEditor","context":"{2232321-8363}","value":{"$id":"179","$type":"SessionState","NetworkStates":{"$id":"180","$type":"Dictionary`2","1":5},"FocusedComponent":4,"ComponentUndoState":{"$id":"181","$type":"FLGViewSessionState","SelectedElements":{"$type":"String[]","$values":["<?xml version=\"1.0\" encoding=\"utf-16\"?><ConnectionElement UId=\"113\" Label=\"false\" />"]},"RelevantSettings":null}}}]}